cv_id,job_path,score,analysis
a8002069fa02478eda2bd1682dd9e6feb19e2b20e97b8be2ff0cf71de04c4f73,DevOps.pdf,20,"### 1. OVERALL MATCH SCORE: 20%

The overall match score is relatively low due to significant mismatches in experience, specific technical skills, and role requirements.

### 2. SKILL ALIGNMENT:
- **Perfectly Matching Skills:** Problem-solving, Python programming language
- **Partially Matching Skills:** JavaScript (relevant for some DevOps tasks, but not a primary focus), scripting (though the specific languages and tools might differ)
- **Missing Critical Skills:** Containerization and orchestration tools (e.g., Docker, Kubernetes), cloud platforms (AWS, Azure, GCP), infrastructure as code (Terraform, CloudFormation), CI/CD tools (Jenkins, GitLab CI, CircleCI), strong scripting skills in specific languages like Bash
- **Additional Skills (bonus):** MERN Stack, Next.js, Tailwind CSS, HTML, CSS, which are valuable in a software development context but not directly applicable to the DevOps Engineer role

### 3. EXPERIENCE ANALYSIS:
- **Years of Experience Match:** Poor - The candidate has less than 1 year of experience, while the job requires 3+ years of experience as a DevOps Engineer or similar role.
- **Industry Experience:** Somewhat Relevant - The candidate's experience is in web development, which is related but not directly applicable to DevOps.
- **Role Level Match:** Underqualified - Given the significant gap in required experience and specific technical skills, the candidate appears underqualified for the role.

### 4. TECHNICAL ASSESSMENT:
- **Programming Languages:** 20% - The candidate knows Python and JavaScript, which are useful, but the role also requires strong scripting skills in languages like Bash.
- **Frameworks/Technologies:** 10% - The candidate's experience with MERN Stack, Next.js, and Tailwind CSS is not directly relevant to the DevOps Engineer role.
- **Tools and Platforms:** 0% - The candidate does not have experience with the specific tools and platforms required for the role, such as Docker, Kubernetes, Terraform, or cloud platforms like AWS, Azure, or GCP.

### 5. HIRING RECOMMENDATION:
- **Decision:** No Hire
- **Confidence Level:** High
- **Reasons for recommendation:** The candidate lacks the necessary experience, specific technical skills, and direct industry experience required for the DevOps Engineer role. While they show potential in web development and problem-solving, the gap between their current skills and the job requirements is significant.

### 6. INTERVIEW FOCUS AREAS:
- **Key areas to explore in interview:** 
  - Problem-solving skills
  - Ability to learn new technologies quickly
  - Understanding of basic DevOps principles
  - Experience with any relevant tools or technologies
- **Potential concerns to address:** 
  - Lack of direct experience in DevOps
  - Gap in specific technical skills required for the role
  - How they plan to overcome the learning curve for cloud platforms, containerization, and CI/CD pipelines
- **Questions to ask candidate:**
  - How do you approach learning new technologies, especially those outside your current experience?
  - Can you describe a scenario where you had to solve a complex problem, and how you went about it?
  - What do you know about DevOps practices, and how do you think your current skills could be adapted to this role?
  - How would you handle the responsibility of managing and automating deployments, and ensuring system reliability in a production environment?"
25a09faf13041dcd4217f796fd15a392a6ca3b227e5f507a8688f5fe0f32a130,DevOps.pdf,40,"**Comprehensive Matching Analysis**

### 1. OVERALL MATCH SCORE: 40%

The candidate's profile shows promise, but there are significant gaps in experience and skills required for the DevOps Engineer position.

### 2. SKILL ALIGNMENT:

- **Perfectly Matching Skills:**
  - Programming languages (Python is not listed but other languages are mentioned, and Python is a common language in DevOps)
  - Familiarity with Git (version control)
  
- **Partially Matching Skills:**
  - Experience with database management (MySQL, MongoDB) which could be beneficial in understanding data storage in DevOps
  - Knowledge of front-end and back-end development, which could be useful in understanding application deployment

- **Missing Critical Skills:**
  - Containerization and orchestration tools (Docker, Kubernetes)
  - Cloud platforms (AWS, Azure, GCP)
  - Infrastructure as code (Terraform, CloudFormation)
  - CI/CD tools (Jenkins, GitLab CI, CircleCI)
  - Strong scripting skills (specifically in Python, Bash, or similar for DevOps tasks)

- **Additional Skills (bonus):**
  - Full-stack development
  - UI/UX design
  - Data analysis

### 3. EXPERIENCE ANALYSIS:

- **Years of Experience Match:** Poor
  - The candidate has less than a year of direct industry experience, while the job requires 3+ years of experience as a DevOps Engineer or similar role.

- **Industry Experience:** Relevant
  - The candidate's background in Information Technology is relevant, but the specific experience in DevOps is lacking.

- **Role Level Match:** Underqualified
  - Given the candidate's limited experience and lack of specific DevOps skills, they are underqualified for the role.

### 4. TECHNICAL ASSESSMENT:

- **Programming Languages:** 20%
  - The candidate knows Java, JavaScript, Kotlin, and PHP, but the primary language for DevOps (Python) is not listed, and scripting skills in Bash or similar are not mentioned.

- **Frameworks/Technologies:** 10%
  - The candidate has experience with front-end and back-end frameworks but lacks experience with DevOps-specific frameworks and technologies.

- **Tools and Platforms:** 30%
  - The candidate is familiar with Git and has used various development tools, but lacks experience with critical DevOps tools like Docker, Kubernetes, and CI/CD pipelines.

### 5. HIRING RECOMMENDATION:

- **Decision:** No Hire
- **Confidence Level:** High
- **Reasons for recommendation:**
  - The significant gap in required experience and specific DevOps skills makes the candidate not suitable for the role at this time.
  - While the candidate shows potential, the position requires immediate contributions to DevOps processes, which the candidate is not equipped to provide based on the information given.

### 6. INTERVIEW FOCUS AREAS:

- **Key areas to explore in interview:**
  - Understanding of DevOps principles and practices
  - Experience with automation and scripting
  - Knowledge of cloud platforms and containerization
  - Problem-solving and troubleshooting skills

- **Potential concerns to address:**
  - Lack of direct experience in DevOps
  - Limited knowledge of required tools and technologies
  - Ability to learn and adapt quickly to fill the skill gaps

- **Questions to ask candidate:**
  - How do you plan to acquire the necessary skills for a DevOps role?
  - Can you describe a project where you had to automate a process or deploy an application?
  - How do you stay updated with the latest trends and technologies in DevOps?
  - How would you approach learning and implementing a new tool or technology in a short timeframe?"
a8002069fa02478eda2bd1682dd9e6feb19e2b20e97b8be2ff0cf71de04c4f73,FulStack.pdf,60,"### 1. OVERALL MATCH SCORE: 60%

The candidate, Amila Wijesinghe, has a strong foundation in computer science and web development, which aligns with the requirements of the Full Stack Engineer position. However, the candidate lacks the required years of experience and some specific technical skills, resulting in a moderate overall match score.

### 2. SKILL ALIGNMENT:

- **Perfectly Matching Skills:**
  - Proficiency in JavaScript (including React.js)
  - Experience with Node.js
  - Familiarity with MongoDB (NoSQL database)
  - Proficiency with Git and GitHub
  - Strong problem-solving and debugging skills

- **Partially Matching Skills:**
  - Knowledge of frontend frameworks (React.js, but not Angular or Vue.js)
  - Experience with backend technologies (Node.js, but not Django, Flask, or Ruby on Rails)
  - Understanding of web protocols (implied through experience with web development)

- **Missing Critical Skills:**
  - 3+ years of experience as a Full Stack Developer
  - Experience with relational databases (MySQL, PostgreSQL)
  - Strong experience with testing frameworks (Jest, Mocha, etc.)
  - Experience with cloud platforms, containerization, and orchestration tools
  - Experience with DevOps practices and CI/CD pipelines

- **Additional Skills (bonus):**
  - Proficiency in multiple programming languages (Java, Python, PHP, SQL)
  - Experience with Next.js and Tailwind CSS
  - Strong foundation in design and problem-solving

### 3. EXPERIENCE ANALYSIS:

- **Years of Experience Match:** Poor (less than 1 year of experience vs. required 3+ years)
- **Industry Experience:** Relevant (web development and full stack development)
- **Role Level Match:** Underqualified (due to lack of experience and some missing technical skills)

### 4. TECHNICAL ASSESSMENT:

- **Programming Languages:** 80% match (proficient in relevant languages like JavaScript, but lacks experience in some backend technologies like Ruby)
- **Frameworks/Technologies:** 60% match (strong in React.js and Node.js, but lacks experience in other frameworks like Angular, Vue.js, and backend technologies like Django)
- **Tools and Platforms:** 70% match (proficient in Git and GitHub, but lacks experience in cloud platforms, containerization, and orchestration tools)

### 5. HIRING RECOMMENDATION:

- **Decision:** Maybe
- **Confidence Level:** Medium
- **Reasons for recommendation:** While the candidate has a solid foundation in web development and some matching skills, the lack of required experience and certain technical skills raises concerns. However, the candidate's eagerness to learn and grow could make them a potential fit for the role with additional training or mentorship.

### 6. INTERVIEW FOCUS AREAS:

- **Key areas to explore in interview:**
  - Depth of knowledge in React.js and Node.js
  - Understanding of web development principles and scalability
  - Experience with database management and optimization
  - Ability to learn and adapt to new technologies
  - Problem-solving skills and approach to debugging

- **Potential concerns to address:**
  - Lack of experience and how to overcome it
  - Missing technical skills and willingness to learn
  - Ability to work in a collaborative environment and contribute to team best practices

- **Questions to ask candidate:**
  - Can you describe a complex web application you've developed and your role in it?
  - How do you approach learning new technologies and frameworks?
  - How would you optimize the performance of a slow web application?
  - Can you explain your experience with database management and query optimization?
  - How do you handle conflicts or disagreements within a development team?"
25a09faf13041dcd4217f796fd15a392a6ca3b227e5f507a8688f5fe0f32a130,FulStack.pdf,60,"### 1. OVERALL MATCH SCORE: 60%

The candidate, Dasuni Wijesuriya, shows promise with a strong educational background and experience in various project developments, but lacks the required years of experience and some specific technical skills mentioned in the job description.

### 2. SKILL ALIGNMENT:

- **Perfectly Matching Skills:**
  - Full-stack development
  - Front-end development (ReactJS)
  - Back-end development (NodeJS)
  - Database management (MySQL, MongoDB)
  - Version control (Git)
  
- **Partially Matching Skills:**
  - Experience with RESTful APIs (implied through project experiences but not explicitly mentioned)
  - Understanding of web protocols (not explicitly mentioned but can be inferred from the use of HTTP in project experiences)
  
- **Missing Critical Skills:**
  - Specific experience with Angular, Vue.js
  - Experience with backend technologies like Python, Ruby, Django, Flask, Ruby on Rails
  - Cloud platforms (AWS, Azure, GCP)
  - Containerization and orchestration tools (Docker, Kubernetes)
  - Mobile app development or progressive web apps (PWA)
  - DevOps practices and CI/CD pipelines
  - Testing frameworks (Jest, Mocha, etc.)
  
- **Additional Skills (bonus):**
  - UI/UX design (Figma)
  - Data analysis (Jupyter Notebook, Power BI)
  - Kotlin and Android app development

### 3. EXPERIENCE ANALYSIS:

- **Years of Experience Match:** Poor - The candidate has less than a year of direct industry experience, whereas the job requires 3+ years.
- **Industry Experience:** Relevant - The candidate's experience is in the IT industry, which aligns with the job requirements.
- **Role Level Match:** Underqualified - Due to the lack of direct industry experience and some critical technical skills, the candidate appears underqualified for the role.

### 4. TECHNICAL ASSESSMENT:

- **Programming Languages:** 50% - The candidate knows Java, JavaScript, Kotlin, and PHP, but the job requires proficiency in languages used in backend technologies like Python, Ruby, etc.
- **Frameworks/Technologies:** 40% - The candidate has experience with ReactJS, NodeJS, and Express.js but lacks experience with other required frameworks like Angular, Vue.js, Django, Flask, etc.
- **Tools and Platforms:** 60% - The candidate is familiar with VsCode, Android Studio, Xampp, Figma, Git, which are relevant, but misses out on experience with cloud platforms, containerization tools, and specific testing frameworks.

### 5. HIRING RECOMMENDATION:

- **Decision:** Maybe
- **Confidence Level:** Medium
- **Reasons for Recommendation:** The candidate shows potential with a strong foundation in programming, database management, and web development. However, the lack of required years of experience and specific technical skills are significant concerns. The candidate could be considered for a junior role or an internship to gain the necessary experience and skills, but for the full stack engineer position as described, the candidate falls short.

### 6. INTERVIEW FOCUS AREAS:

- **Key Areas to Explore:**
  - Depth of knowledge in full-stack development
  - Experience with RESTful APIs and web protocols
  - Ability to learn and adapt to new technologies quickly
  - Understanding of database management and optimization
  - Experience with version control and collaborative development environments
  
- **Potential Concerns to Address:**
  - Lack of direct industry experience
  - Limited exposure to some required backend technologies and frameworks
  - No experience with cloud platforms, containerization, and DevOps practices
  
- **Questions to Ask Candidate:**
  - How do you approach learning new technologies and frameworks?
  - Can you describe your experience with database management and optimization?
  - How do you ensure cross-platform optimization for mobile devices in your development projects?
  - Have you worked in a collaborative environment using version control systems? Can you give an example?
  - How do you troubleshoot and debug issues in your applications?"
